cityname,city,n
ABANO TERME,Abano Terme,1
ABBIATEGRASSO,ABBIATEGRASSO,1
ACCADIA,ACCADIA,1
ACERRA,ACERRA NA,2
ACQUARICA DEL CAPO,ACQUARICA DEL CAPO,1
AFRAGOLA,AFRAGOLA NA,1
AGRATE BRIANZA,AGRATE BRIANZA,62
AGRATE BRIANZA,AGRATE BRIANZA MB,1
ALANNO,ALANNO,1
ALBA,ALBA,19
ALBANO SANT ALESSANDRO,ALBANO SANT'ALESSANDRO (BG),2
ALBENGA,ALBENGA SV,1
ALBIATE,ALBIATE,1
ALBINEA,ALBINEA,5
ALBINEA,ALBINEA RE,1
ALBINO,ALBINO,1
ALBIZZATE,ALBIZZATE,1
ALCAMO,ALCAMO,1
ALESSANDRIA,ALESSANDRIA,7
ALESSANDRIA,ALESSANDRIA AL,1
ALFIANELLO,ALFIANELLO,1
ALGHERO,ALGHERO,1
ALMESE,ALMESE,1
ALONTE,Alonte,1
ALPAGO,ALPAGO,1
ALPIGNANO,ALPIGNANO,1
ALTAMURA,ALTAMURA,1
ALTAVILLA VINCENTINA,ALTAVILLA VINCENTINA,1
ALTOPASCHIO,ALTOPASCHIO (LUCCA),3
AMARO,AMARO,5
ANAGNI,ANAGNI,3
ANCONA,Ancona,5
ANCONA,ANCONA,90
ANCONA,ANCONA AN,2
ANDRETTA,ANDRETTA,1
ANGELI DI ROSORA,Angeli di Rosora (AN),4
ANGERA,ANGERA,1
ANGRI,ANGRI,13
ANGUILLARA SABAZIA,ANGUILLARA SABAZIA,1
ANNONE DI BRIANZA,ANNONE DI BRIANZA,2
ANZOLA DELL EMILIA,ANZOLA DELL'EMILIA,1
ANZOLA DELL EMILIA,ANZOLA DELL EMILIA,2
AOSTA,AOSTA,1
APIRO,APIRO,1
APPIANO GENTILE,APPIANO GENTILE,1
APPIGNANO DEL TRONTO,APPIGNANO DEL TRONTO,1
APRILIA,APRILIA,8
APRILIA,APRILIA LT,4
APRILIA LATINA,APRILIA LATINA,1
APRILLIA,APRILLIA LT,1
ARCAVACATA DI RENDE,ARCAVACATA DI RENDE,33
ARCO,Arco,1
ARCO,ARCO,2
ARCO,ARCO TN,2
ARCORE,ARCORE,1
ARESE,ARESE - MI,1
ARESE,ARESE MI,1
AREZZO,Arezzo,1
AREZZO,AREZZO,16
ARGELATO,ARGELATO,1
ARIANO IRPINO,ARIANO IRPINO,1
ARICCIA,ARICCIA,3
ARLUNO,ARLUNO,1
ARNESANO,ARNESANO,1
ARNESANO,Arnesano (Lecce),3
ARONA,ARONA,1
ARONA,ARONA NO,1
ARZIGNANO,ARZIGNANO,6
ASCOLI PICENO,ASCOLI PICENO,2
ASOLO,ASOLO,2
ASSAGO,ASSAGO MI,7
ASTI,ASTI,2
ASTI,ASTI AT,1
ATRIPALDA,ATRIPALDA,2
AVELLINO,AVELLINO,12
AVERSA,AVERSA CE,8
AVEZZANO,AVEZZANO,1
AVEZZANO,AVEZZANO AQ,6
AVIANO,AVIANO,1
AVIANO,AVIANO PN,3
AYMAVILLES,AYMAVILLES,1
BADIA A SETTIMO,BADIA A SETTIMO,2
BAGNI DI LUCCA,BAGNI DI LUCCA,2
BAGNO A RIPOLI,BAGNO A RIPOLI,1
BAGNOLO SAN VITO,BAGNOLO SAN VITO,1
BARANZATE MILANO,BARANZATE MILANO,4
BARDELLO,BARDELLO VA,1
BARI,Bari,4
BARI,BARI,110
BARI,BARI BA,3
BAROLO,BAROLO,1
BARONISSI,BARONISSI,2
BARZIO,BARZIO LC,1
BASOVIZZA,"BASOVIZZA, TRIESTE",4
BASOVIZZA TRIESTE,BASOVIZZA TRIESTE,23
BASSANO DEL GRAPPA,BASSANO DEL GRAPPA,2
BASSANO DEL GRAPPA,BASSANO DEL GRAPPA VI,6
BASTIA UMBRA,BASTIA UMBRA PG,1
BAUCINA,BAUCINA PA,1
BEDIZZOLE,BEDIZZOLE (BS),2
BELPASSO,BELPASSO,1
BELVEDERE MARITTIMO,BELVEDERE MARITTIMO (CS),1
BENETUTTI,BENETUTTI,2
BENEVENTO,BENEVENTO,21
BENTIVOGLIO,BENTIVOGLIO,9
BERCHIDDA,BERCHIDDA,2
BERGAMO,BERGAMO,51
BERGAMO,BERGAMO BG,1
BERTINORO,BERTINORO,1
BIBBIANO,BIBBIANO,3
BIBBIENA,BIBBIENA,1
BIELLA,Biella,5
BIELLA,BIELLA,7
BIENTINA,BIENTINA,1
BITTI,BITTI,1
BOGLIASCO,BOGLIASCO,2
BOJANO,BOJANO CB,1
BOLGARE,BOLGARE,1
BOLGARE,BOLGARE BG,1
BOLLATE,BOLLATE MI,6
BOLOGNA,Bologna,6
BOLOGNA,BOLOGNA,597
BOLOGNA,BOLOGNA BO,49
BOLZANO,BOLZANO,122
BOLZANO,BOLZANO (BZ),1
BOLZANO,BOLZANO BZ,1
BORETTO,BORETTO,2
BORGO D ANAUNIA,BORGO D'ANAUNIA,1
BORGO VAL DI TARO,BORGO VAL DI TARO,2
BORGO VIRGILIO,BORGO VIRGILIO MN,1
BORGOMANERO,BORGOMANERO,2
BORGONOVO VAL TIDONE,BORGONOVO VAL TIDONE,1
BORGORICCO,BORGORICCO,1
BOSCO CHIESANUOVA,BOSCO CHIESANUOVA,1
BOSCOTRECASE,BOSCOTRECASE (NA),4
BOTTANUCO,BOTTANUCO,2
BOTTANUCO,BOTTANUCO BG,1
BOVA,BOVA,1
BOVA MARINA,BOVA MARINA,3
BOZEN,BOZEN,5
BRA,BRA,10
BRA,BRA CN,1
BRESCIA,Brescia,6
BRESCIA,BRESCIA,72
BRESCIA,BRESCIA BS,3
BRESCIANA,BRESCIANA BS,2
BRESSANONE,BRESSANONE,1
BRESSO,BRESSO,4
BRESSO,BRESSO MI,1
BRESSO MILANO,BRESSO MILANO,4
BRINDISI,BRINDISI,3
BRIXEN,BRIXEN,1
BRUGHERIO,BRUGHERIO,3
BRUGINE,BRUGINE,2
BRUSNENGO,Brusnengo (BI),1
BUDRIO,BUDRIO,1
BUDRIO,BUDRIO BO,1
BURAGO DI MOLGORA,BURAGO DI MOLGORA,1
BUSALLA,BUSALLA,1
BUSSERO,Bussero,2
BUSSERO MILANO,BUSSERO MILANO,1
BUSSETO,BUSSETO PR,1
BUSTO ARSIZIO,BUSTO ARSIZIO,5
BUSTO ARSIZIO,BUSTO ARSIZIO  (VA),2
BUTTIGLIERA ALTA,BUTTIGLIERA ALTA,5
BUTTIGLIERA ALTA,BUTTIGLIERA ALTA TO,5
BUTTRIO,BUTTRIO,1
BUTTRIO,Buttrio (UD),1
CADELBOSCO DI SOPRA,CADELBOSCO DI SOPRA,1
CADORAGO,CADORAGO,1
CADRIANO GRANAROLO EMILIA,CADRIANO GRANAROLO EMILIA,1
CAGLIARI,Cagliari,5
CAGLIARI,CAGLIARI,66
CAGLIARI,CAGLIARI CA,2
CALAMBRONE PISA,CALAMBRONE PISA,2
CALATAFIMI SEGESTA,CALATAFIMI SEGESTA,1
CALCI,CALCI,1
CALCINAIA,CALCINAIA PI,1
CALDERARA DI RENO,CALDERARA DI RENO,2
CALDERARA DI RENO,CALDERARA DI RENO BO,5
CALENZANO,CALENZANO,1
CALENZANO,CALENZANO FI,2
CALOLZIOCORTE,CALOLZIOCORTE,2
CAMERANO,CAMERANO AN,1
CAMERINO,CAMERINO,20
CAMINO AL TAGLIAMENTO,CAMINO AL TAGLIAMENTO UD,4
CAMPAGNOLA DI ZEVIO,CAMPAGNOLA DI ZEVIO,11
CAMPEGINE,CAMPEGINE RE,2
CAMPI BISENZIO,CAMPI BISENZIO,2
CAMPI BISENZIO,CAMPI BISENZIO (FI),3
CAMPIGLIA MARITTIMA,CAMPIGLIA MARITTIMA,1
CAMPOBASSO,CAMPOBASSO,11
CAMPOCHIARO,CAMPOCHIARO,1
CAMPOSANTO,CAMPOSANTO,1
CANDIOLO,CANDIOLO TO,4
CANNETO SULL OGLIO,CANNETO SULL'OGLIO,1
CANTAGALLO,CANTAGALLO,1
CANTU,CANTU',2
CAORSO,CAORSO PC,1
CAPANNOLI,CAPANNOLI PI,2
CAPANNORI,Capannori,1
CAPANNORI,CAPANNORI,4
CAPONAGO,CAPONAGO,1
CAPRIOLO,CAPRIOLO,1
CAPUA,CAPUA,47
CARASCO,CARASCO,1
CARAVAGGIO,CARAVAGGIO,1
CARBONERA,CARBONERA,21
CARBONIA,CARBONIA,4
CARDITO,CARDITO,9
CARINI,CARINI,1
CARLOFORTE,CARLOFORTE,1
CARPANETO PIACENTINO,CARPANETO PIACENTINO PC,2
CARPI,CARPI,4
CARPI,CARPI MO,2
CARRARA,CARRARA,2
CARRARA,CARRARA MS,8
CARUGATE,CARUGATE MI,1
CARVICO,CARVICO,2
CASALE MONFERRATO ALESSANDRIA,CASALE MONFERRATO ALESSANDRIA,1
CASALE SUL SILE,CASALE SUL SILE (TV),1
CASALE SUL SILE,CASALE SUL SILE TV,5
CASALECCHIO DI RENO,CASALECCHIO  DI RENO,2
CASALECCHIO DI RENO,CASALECCHIO DI RENO,2
CASALECCHIO DI RENO,CASALECCHIO DI RENO BO,67
CASALI DE MANCO,CASALI DE MANCO,1
CASALNUOVO DI NAPOLI,CASALNUOVO DI NAPOLI,2
CASALNUOVO DI NAPOLI,CASALNUOVO DI NAPOLI NA,2
CASCINA,CASCINA,22
CASCINA,CASCINA PI,3
CASEI GEROLA,CASEI GEROLA,1
CASELLE TORINESE,CASELLE TORINESE,1
CASERTA,CASERTA,32
CASOLI,CASOLI,1
CASORATE PRIMO,CASORATE PRIMO,2
CASSINO,CASSINO,17
CASSINO,CASSINO (FR),1
CASSINO,CASSINO FR,1
CASSOLA,CASSOLA,1
CASTAGNITO,CASTAGNITO,1
CASTEL BOLOGNESE,CASTEL BOLOGNESE RA,1
CASTEL DEL PIANO,CASTEL DEL PIANO,2
CASTEL IVANO,CASTEL IVANO (TN),1
CASTEL MAGGIORE,CASTEL MAGGIORE,1
CASTEL MAGGIORE,CASTEL MAGGIORE (BO),5
CASTEL MAGGIORE,CASTEL MAGGIORE (BOLOGNA),1
CASTEL MAGGIORE,CASTEL MAGGIORE BO,2
CASTEL MAGGIORE BOLOGNA,CASTEL MAGGIORE BOLOGNA,1
CASTEL SAN GIORGIO,CASTEL SAN GIORGIO,1
CASTEL SAN PIETRO TERME,CASTEL SAN PIETRO TERME,2
CASTELFIDARDO,CASTELFIDARDO,2
CASTELFRANCO EMILIA,CASTELFRANCO EMILIA,2
CASTELFRANCO EMILIA,Castelfranco Emilia (MO),2
CASTELFRANCO VENETO,CASTELFRANCO VENETO,2
CASTELLAMMARE DI STABIA,CASTELLAMMARE DI STABIA NA,1
CASTELLAMONTE,CASTELLAMONTE TO,8
CASTELLANA GROTTE,CASTELLANA GROTTE BA,4
CASTELLANZA,CASTELLANZA,1
CASTELLAZZO BORMIDA,CASTELLAZZO BORMIDA,1
CASTELLAZZO BORMIDA,CASTELLAZZO BORMIDA AL,1
CASTELLI CALEPIO,CASTELLI CALEPIO BG,1
CASTELLINA IN CHIANTI,CASTELLINA IN CHIANTI SI,1
CASTELLO DI GODEGO,Castello di Godego,4
CASTELNOVO NE MONTI,CASTELNOVO NE MONTI,1
CASTELNUOVO GARFAGNANA,CASTELNUOVO GARFAGNANA,1
CASTELNUOVO RANGONE,CASTELNUOVO RANGONE,1
CASTENASO,CASTENASO,2
CASTESANO,CASTESANO,1
CASTO,CASTO,2
CASTRO,CASTRO,1
CASTRONNO,CASTRONNO,1
CATANIA,Catania,1
CATANIA,CATANIA,49
CATANZARO,CATANZARO,12
CAVA DE TIRRENI,CAVA DE TIRRENI SA,4
CAVENAGO DI BRIANZA,CAVENAGO DI BRIANZA,1
CAVRIAGO,CAVRIAGO,3
CAZZANO SANT ANDREA,CAZZANO SANT ANDREA,1
CECCANO,CECCANO,3
CECINA,CECINA,3
CEFALU,CEFALU,1
CERANO,CERANO NO,3
CERCOLA,CERCOLA NA,1
CEREA,CEREA,2
CEREA,CEREA VR,1
CERIANO LAGHETTO,CERIANO LAGHETTO,1
CERMENATE,CERMENATE,1
CERNUSCO SUL NAVIGLIO,CERNUSCO SUL NAVIGLIO,1
CERNUSCO SUL NAVIGLIO,CERNUSCO SUL NAVIGLIO MI,18
CERRETO GUIDI,CERRETO GUIDI FI,1
CERRO MAGGIORE,CERRO MAGGIORE,2
CERRO MAGGIORE,CERRO MAGGIORE MI,1
CERVASCA,CERVASCA (CN),1
CESENA,CESENA,19
CESENATICO,CESENATICO,1
CETONA,CETONA,1
CHARVENSOD,CHARVENSOD,2
CHERASCO,CHERASCO,3
CHERASCO,CHERASCO CN,1
CHIARI,CHIARI BS,1
CHIERI,CHIERI,2
CHIERI,CHIERI TO,3
CHIETI,CHIETI,35
CHIGNOLO D ISOLA,CHIGNOLO D ISOLA,1
CHIGNOLO D ISOLA,CHIGNOLO D ISOLA BG,1
CHIUSA SAN MICHELE,CHIUSA SAN MICHELE,1
CHIVASSO,Chivasso,1
CHIVASSO,CHIVASSO,4
CICCIANO,CICCIANO NA,1
CIGOGNOLA,CIGOGNOLA,1
CIMADOLMO,CIMADOLMO TV,1
CINISELLO BALSAMO,CINISELLO BALSAMO,1
CITTA DI CASTELLO,CITTA' DI CASTELLO,3
CITTA DI CASTELLO,CITTA DI CASTELLO,1
CITTADELLA,CITTADELLA PD,1
CITTADELLA DELLA RICERCA BRINDISI,CITTADELLA DELLA RICERCA BRINDISI,17
CIVITA CASTELLANA,CIVITA CASTELLANA,1
CIVITELLA PAGANICO,CIVITELLA PAGANICO,1
CLUSONE,CLUSONE,2
COCQUIO TREVISAGO,COCQUIO TREVISAGO VA,3
CODOGNO,Codogno,1
CODOGNO,CODOGNO,1
CODROIPO,CODROIPO,2
COLLECCHIO,COLLECCHIO,5
COLLEGNO,COLLEGNO,19
COLLERETTO GIACOSA,COLLERETTO GIACOSA,2
COLLERETTO GIACOSA TORINO,COLLERETTO GIACOSA TORINO,1
COLOGNA VENETA,COLOGNA VENETA,1
COLOGNO MONZESE,Cologno Monzese,1
COLOGNO MONZESE,COLOGNO MONZESE,13
COLOGNO MONZESE,COLOGNO MONZESE MI,2
COMACCHIO,COMACCHIO,1
COMO,Como,3
COMO,COMO,5
COMO TAVERNOLA,Como-Tavernola,1
CONCESIO,CONCESIO,1
CONCESIO BRESCIA,CONCESIO BRESCIA,4
CONCORDIA SULLA SECCHIA,CONCORDIA SULLA SECCHIA,1
CONCOREZZO,CONCOREZZO,1
CONEGLIANO,CONEGLIANO TV,2
CONSELICE,CONSELICE,1
CONSELVE,Conselve (PD),1
CONSELVE PADOVA,CONSELVE PADOVA,1
CONVERSANO,Conversano,2
CONVERSANO,CONVERSANO BA,1
COPPARO,COPPARO,2
CORATO,CORATO,1
CORBETTA,CORBETTA,16
CORBETTA,CORBETTA MI,2
CORCIANO,CORCIANO,1
CORDENONS,CORDENONS,1
CORMANO,CORMANO MI,2
CORNATE D ADDA,Cornate d'Adda,3
CORNATE D ADDA,CORNATE D'ADDA,5
CORREGGIO,CORREGGIO,3
CORREGGIO,CORREGGIO RE,24
CORRIDONIA,CORRIDONIA MC,2
CORSICO,CORSICO,4
CORSICO,CORSICO (MI),4
CORTACCIA SULLA STRADA DEL VINO,CORTACCIA SULLA STRADA DEL VINO BZ,2
COSENZA,COSENZA,5
COSIO VALTELLINO,COSIO VALTELLINO,1
COSTA DI MEZZATE,Costa di Mezzate,2
CREMA,CREMA,3
CREMA,CREMA CR,1
CREMONA,Cremona,3
CREMONA,CREMONA,4
CRESPELLANO,CRESPELLANO,3
CRESPINA LORENZANA,CRESPINA LORENZANA,1
CREVALCORE,CREVALCORE,1
CURA CARPIGNANO,CURA CARPIGNANO,1
CURNO,CURNO BG,9
CUSANO MILANINO,CUSANO MILANINO,1
DERUTA,DERUTA PG,5
DESENZANO DEL GARDA,DESENZANO DEL GARDA,1
DESIO,DESIO,3
DESIO,DESIO - MB,1
DESIO,DESIO MB,1
DRUENTO,DRUENTO,2
DUEVILLE,DUEVILLE VI,2
EBOLI,EBOLI,1
ELMAS,ELMAS,4
EMILIA,EMILIA,4
EMPOLI,Empoli,1
EMPOLI,EMPOLI FI,2
ENNA,ENNA,2
ENTRATICO,ENTRATICO,2
ERBA,ERBA,2
ERBA,ERBA CO,1
ERBUSCO,ERBUSCO,1
ESTE,ESTE,1
FABRIANO,FABRIANO,3
FABRICA DI ROMA,FABRICA DI ROMA,1
FAENZA,FAENZA,12
FALCONARA MARITTIMA,FALCONARA MARITTIMA AN,1
FANO,FANO,1
FANO,FANO PS,1
FASANO,FASANO,3
FAVIGNANA,FAVIGNANA,1
FELTRE,FELTRE,3
FENEGRO,FENEGRO,1
FERENTINO,FERENTINO FR,1
FERRANDINA,FERRANDINA MT,1
FERRARA,Ferrara,1
FERRARA,FERRARA,81
FERRARA,FERRARA FE,1
FERRERA ERBOGNONE,FERRERA ERBOGNONE PV,2
FIDENZA,FIDENZA,2
FIESOLE,FIESOLE,66
FIESOLE,FIESOLE FI,1
FIGLINE E INCISA VALDARNO,FIGLINE E INCISA VALDARNO FI,1
FILATTIERA,FILATTIERA,1
FINO MORNASCO,FINO MORNASCO CO,3
FIORANO MODENESE,Fiorano Modenese,1
FIORANO MODENESE,FIORANO MODENESE,6
FIORANO MODENESE,FIORANO MODENESE (MO),2
FIRENZE,Firenze,12
FIRENZE,FIRENZE,185
FISCIANO,FISCIANO,5
FISCIANO,FISCIANO SA,43
FIUME VENETO,FIUME VENETO,1
FIUMICINO,FIUMICINO RM,1
FLERO,FLERO,1
FLORENCE,Florence,143
FLORENCE,FLORENCE,3
FOGGIA,FOGGIA,18
FOGGIA,FOGGIA FG,1
FOLIGNO,FOLIGNO PG,9
FONDI,FONDI,1
FONDOTOCE,FONDOTOCE VB,1
FORLI,FORLI,11
FORLI,FORLI FO,1
FORLÌ,Forlì,1
FORMELLO,FORMELLO,6
FORMIGINE,FORMIGINE,4
FOSSANO,FOSSANO CN,1
FRASCATI,FRASCATI,143
FRAZIONE RIVOTORTO,FRAZIONE RIVOTORTO,4
FREGONA,FREGONA,1
FRIGENTO,FRIGENTO (AVELLINO),1
FROSINONE,FROSINONE,2
FUMANE,FUMANE,3
FUNO DI ARGELATO,FUNO DI ARGELATO,2
GAGGIO MONTANO,GAGGIO MONTANO,1
GALATINA,GALATINA,1
GALATINA,GALATINA LE,9
GALLARATE,GALLARATE,2
GALLARATE,GALLARATE VA,4
GALLESE,GALLESE,1
GALLIERA,GALLIERA BO,1
GAMBASSI TERME,GAMBASSI TERME,1
GAMBETTOLA,GAMBETTOLA,6
GANDINO,GANDINO,1
GARLASCO,GARLASCO PV,1
GAVARDO BRESCIA,GAVARDO BRESCIA,1
GAZOLDO DEGLI IPPOLITI,GAZOLDO DEGLI IPPOLITI (MN),2
GENOA,Genoa,2
GENOVA,Genova,6
GENOVA,GENOVA,699
GENOVA,GENOVA GE,65
GENZANO DI ROMA,GENZANO DI ROMA,2
GERENZANO,GERENZANO (VA),2
GERENZANO,GERENZANO (VARESE),1
GESSATE,Gessate,1
GHIARONI,GHIARONI,2
GIACCIANO CON BARUCHELLA,GIACCIANO CON BARUCHELLA (RO),2
GINEPRI,GINEPRI,1
GIUGLIANO IN CAMPANIA,GIUGLIANO IN CAMPANIA,1
GIUSSANO,GIUSSANO (MB),1
GOGLIANO REDIPUGLIA,GOGLIANO REDIPUGLIA GO,1
GOLFO ARANCI,GOLFO ARANCI SS,1
GORGONZOLA,GORGONZOLA,1
GORIZIA,GORIZIA,6
GOTTOLENGO,GOTTOLENGO,1
GRADISCA D ISONZO,GRADISCA D'ISONZO,1
GRADO,GRADO (GORIZIA),1
GRANAROLO DELL EMILIA,GRANAROLO DELL EMILIA BO,1
GRASSOBIO,GRASSOBIO,1
GRAVINA DI CATANIA,GRAVINA DI CATANIA,1
GRESSAN,Gressan,1
GREZZANA,GREZZANA,1
GROSSETO,GROSSETO,3
GROTTAFERRATA,GROTTAFERRATA,3
GRUGLIASCO,GRUGLIASCO,17
GRUGLIASCO,Grugliasco (TO),1
GUALDO CATTANEO,GUALDO CATTANEO PG,1
GUARDIA LOMBARDI,GUARDIA LOMBARDI AV,1
GUASTALLA,GUASTALLA,3
GUBBIO,Gubbio,1
GUBBIO,GUBBIO,4
GUIDONIA MONTECELIO,GUIDONIA MONTECELIO,1
GUIDONIA MONTECELIO,GUIDONIA MONTECELIO RM,9
GUSSAGO,GUSSAGO,1
GUSSAGO,Gussago (Brescia),1
HAMLET BELLOCCHI,HAMLET BELLOCCHI,2
IGLESIAS,IGLESIAS,3
IMBERSAGO,Imbersago,1
IMOLA,IMOLA,8
IMOLA,IMOLA (BO),1
IMOLA,IMOLA BO,4
IMPERIA,IMPERIA,1
INARZO,INARZO,7
INVERUNO,INVERUNO,2
INZAGO,INZAGO,1
ISPRA,Ispra,2
IVREA,IVREA,2
JESI,JESI,6
JESI,JESI AN,1
L AQUILA,L'Aquila,6
L AQUILA,L'AQUILA,15
L AQUILA,L AQUILA,43
LA SAPEZIA,LA SAPEZIA,1
LA SPEZIA,LA SPEZIA,7
LA SPEZIA,LA SPEZIA SP,2
LACEDONIA,LACEDONIA AV,5
LAINATE,LAINATE,14
LAINATE,LAINATE (MI),3
LAIVES,LAIVES,1
LAMEZIA TERME,LAMEZIA TERME,9
LAMPEDUSA,LAMPEDUSA,1
LANCIANO,LANCIANO,2
LANGHIRANO,LANGHIRANO,1
LANGHIRANO,LANGHIRANO PR,1
LARINO,LARINO CB,1
LATINA,LATINA,5
LATINA,LATINA LT,1
LAURIA,LAURIA PZ,1
LAVAGNA,LAVAGNA,1
LECCE,Lecce,2
LECCE,LECCE,128
LECCE,LECCE LE,1
LECCO,LECCO,3
LECCO,LECCO LC,18
LEGNANO,LEGNANO,5
LEGNANO,LEGNANO MI,1
LEGNANO MILANO,LEGNANO MILANO,2
LEGNARO,LEGNARO,13
LESINA,LESINA,1
LIMATOLA,LIMATOLA,1
LIMENA,LIMENA,1
LIPOMO,LIPOMO CO,1
LIPPO DI CALDERARA DI RENO,LIPPO DI CALDERARA DI RENO BO,2
LISSONE,LISSONE,2
LIVIGNO,LIVIGNO,1
LIVORNO,Livorno,1
LIVORNO,LIVORNO,30
LIVORNO,LIVORNO (LI),1
LIVORNO FERRARIS,LIVORNO FERRARIS,1
LODI,Lodi,3
LODI,LODI,34
LOMAGNA,LOMAGNA,1
LOMAZZO,LOMAZZO,8
LOMAZZO,LOMAZZO CO,14
LONDA,LONDA (FI),1
LONGIANO,LONGIANO,1
LOVADINA DI SPRESIANO,LOVADINA DI SPRESIANO TV,1
LUCCA,LUCCA,30
LUCCA,LUCCA LU,1
LUGO,LUGO,4
LUGO DI GREZZANA,LUGO DI GREZZANA,1
LUNANO,LUNANO,1
LURATE CACCIVIO,LURATE CACCIVIO,2
LUZZARA,LUZZARA RE,3
MACCASTORNA,MACCASTORNA,1
MACERATA,MACERATA,11
MADRUZZO,MADRUZZO,1
MAGENTA,MAGENTA,1
MAGIONE,MAGIONE,1
MAIOLATI SPONTINI,MAIOLATI SPONTINI AN,1
MALALBERGO,MALALBERGO BO,1
MALE,MALE,4
MALÈ,Malè (TN),1
MALGESSO,Malgesso,1
MALNATE,MALNATE,1
MANDURIA,MANDURIA (TA),4
MANTA,MANTA CN,1
MANTOVA,Mantova,2
MANTOVA,MANTOVA,8
MAPELLO,MAPELLO,1
MARGARITA,MARGARITA,1
MARGHERA VENEZIA,MARGHERA VENEZIA,7
MARGHERA VENEZIA,MARGHERA VENEZIA VE,1
MARIANO COMENSE,MARIANO COMENSE,2
MARIANO COMENSE,MARIANO COMENSE CO,1
MARNATE,MARNATE,1
MAROSTICA,MAROSTICA VI,2
MARSCIANO,MARSCIANO,1
MARTIGNACCO,MARTIGNACCO UD,1
MARTINENGO,MARTINENGO (BG),2
MARZABOTTO,MARZABOTTO,2
MASATE,MASATE,2
MASI SAN GIACOMO,Masi San Giacomo,1
MASSA,MASSA,1
MASSA,MASSA MS,3
MASSA LOMBARDA,Massa Lombarda,2
MASSA LOMBARDA,MASSA LOMBARDA,1
MASSA MARTANA,MASSA MARTANA,3
MASSA MARTANA,MASSA MARTANA PG,1
MASSAFRA,MASSAFRA (TA),1
MASSAROSA,Massarosa,3
MATERA,Matera,1
MATERA,MATERA,17
MATERA,MATERA MT,2
MEDA,MEDA,1
MEDA,MEDA (MB),24
MEDE,MEDE,3
MEDICINA,MEDICINA,1
MEDICINA BOLOGNA,MEDICINA BOLOGNA,1
MEDOLE,MEDOLE,1
MEDOLLA,MEDOLLA,3
MEDOLLA,MEDOLLA (MO),1
MELDOLA,MELDOLA,2
MELFI,MELFI,2
MELZO,MELZO,2
MERANO,MERANO,3
MERATE,MERATE,1
MERCOGLIANO,MERCOGLIANO,1
MERONE,MERONE,1
MESAGNE,MESAGNE,1
MESAGNE,MESAGNE BR,1
MESSINA,MESSINA,28
MEZZOLOMBARDO,MEZZOLOMBARDO,1
MEZZOLOMBARDO,MEZZOLOMBARDO TN,16
MILAN,Milan,22
MILAN,MILAN,21
MILANO,Milano,27
MILANO,MILANO,1900
MILANO,Milano (MI),3
MILANO,MILANO (MI),3
MILANO,MILANO MI,38
MINERBE,MINERBE,2
MIRANDOLA,Mirandola,1
MIRANDOLA,MIRANDOLA,10
MODENA,Modena,1
MODENA,MODENA,154
MODENA,MODENA MO,6
MODIGLIANA,MODIGLIANA FO,3
MODUGNO,MODUGNO,7
MOGLIANO VENETO,Mogliano Veneto,3
MOGLIANO VENETO,MOGLIANO VENETO TV,1
MOLA DI BARI,MOLA DI BARI,9
MOLFETTA,MOLFETTA,2
MOLVENA,MOLVENA,3
MOMO,MOMO,1
MONASTIER DI TREVISO,MONASTIER DI TREVISO,1
MONCALIERI,MONCALIERI,9
MONCALIERI,MONCALIERI TO,1
MONFALCONE,MONFALCONE,1
MONOPOLI,MONOPOLI,14
MONRUPINO,MONRUPINO TS,1
MONSANO,MONSANO,1
MONTE COMPATRI,MONTE COMPATRI (RM),1
MONTE DI MALO,MONTE DI MALO,5
MONTE MARENZO,MONTE MARENZO,1
MONTE PORZIO CATONE,MONTE PORZIO CATONE,3
MONTE SAN PIETRO,MONTE SAN PIETRO BO,1
MONTE SAN SAVINO,MONTE SAN SAVINO (AR),4
MONTE URANO,MONTE URANO,1
MONTEBELLUNA,MONTEBELLUNA,1
MONTECASSIANO,MONTECASSIANO,2
MONTECASTRILLI,MONTECASTRILLI,1
MONTECATINI TERME,MONTECATINI-TERME,1
MONTECCHIO EMILIA,MONTECCHIO EMILIA,3
MONTECCHIO MAGGIORE,MONTECCHIO MAGGIORE,1
MONTECCHIO MAGGIORE,MONTECCHIO MAGGIORE VI,1
MONTECORVINO PUGLIANO,MONTECORVINO PUGLIANO,1
MONTEGROTTO TERME,MONTEGROTTO TERME,1
MONTELUPO FIORENTINO,MONTELUPO FIORENTINO,4
MONTELUPO FIORENTINO,MONTELUPO FIORENTINO FI,3
MONTELUPONE,MONTELUPONE,1
MONTEMURLO,MONTEMURLO PO,1
MONTEPULCIANO,MONTEPULCIANO SI,1
MONTERIGGIONI,MONTERIGGIONI,3
MONTEROTONDO,MONTEROTONDO,1
MONTESILVANO,MONTESILVANO PE,2
MONTICELLO CONTE OTTO,MONTICELLO CONTE OTTO VI,2
MONTORIO AL VOMANO,MONTORIO AL VOMANO,1
MONZA,Monza,2
MONZA,MONZA,9
MONZA,MONZA MB,2
MONZAMBANO,MONZAMBANO,1
MORNAGO,Mornago,1
MORTARA,MORTARA,1
"NAPLES",naples,6
"NAPLES",Naples,3
"NAPLES","NAPLES",2
"NAPOLI",Napoli,10
"NAPOLI","NAPOLI",311
"NAPOLI","NAPOLI NA",18
"NAVACCHIO CASCINA","NAVACCHIO CASCINA",7
NEMI,NEMI,5
NERVESA DELLA BATTAGLIA,NERVESA DELLA BATTAGLIA,1
NERVIANO,NERVIANO,1
NERVIANO,NERVIANO MI,1
NICHELINO,NICHELINO,1
NOALE,NOALE,1
NOCERA INFERIORE,Nocera Inferiore,1
NOCERA INFERIORE,NOCERA INFERIORE,1
NOLA,NOLA,2
NOLA,NOLA NA,2
NONANTOLA,NONANTOLA (MO),1
NOVARA,Novara,1
NOVARA,NOVARA,43
NOVARA,NOVARA (NO),1
NOVARA,NOVARA NO,7
NOVEDRATE,NOVEDRATE CO,2
NOVELLARA,NOVELLARA RE,1
NUORO,NUORO,1
OLBIA,OLBIA,1
OLEGGIO,OLEGGIO,2
OLGIATE OLONA,OLGIATE OLONA,2
OLGINATE,OLGINATE LC,1
ONORE,ONORE,7
ORBASSANO,ORBASSANO,146
ORBASSANO,ORBASSANO (TO),2
ORBASSANO,ORBASSANO TO,4
ORBETELLO,ORBETELLO,1
ORBETELLO,ORBETELLO GR,1
ORIO AL SERIO,Orio al Serio,1
ORISTANO,ORISTANO,1
ORSENIGO,ORSENIGO,1
ORSENIGO,ORSENIGO CO,1
ORVIETO,ORVIETO,1
OSIMO,OSIMO,3
OSIMO,OSIMO AN,1
OSOPPO,OSOPPO,2
OSOPPO,OSOPPO UD,2
OSPEDALETTO DI ISTRANA TREVISO,OSPEDALETTO DI ISTRANA TREVISO,1
OSPITALETTO,OSPITALETTO,1
OSTUNI,OSTUNI,1
OSTUNI,OSTUNI BR,1
OULX,OULX,1
OVADA,OVADA,1
OZZANO DELL EMILIA,OZZANO DELL'EMILIA,2
PACHINO,PACHINO SR,1
PACIANO,PACIANO,1
PACIENZA,PACIENZA,1
PADERNO,PADERNO,1
PADERNO FRANCIACORTA,PADERNO FRANCIACORTA,1
PADOVA,Padova,3
PADOVA,PADOVA,384
PADOVA,Padova PD,2
PADOVA,PADOVA PD,13
PADUA,Padua,1
PAESE,PAESE,2
PAGANI,PAGANI,1
PALAZZO ALIPRANDI,PALAZZO ALIPRANDI,1
PALERMO,Palermo,3
PALERMO,PALERMO,96
PALERMO,PALERMO PA,2
PALMANOVA,PALMANOVA,1
PALU,PALU,1
PALU DEL FERSINA,PALU DEL FERSINA,1
PANDINO,PANDINO,1
PANDINO,PANDINO CR,1
PANICALE,PANICALE PG,3
PARMA,Parma,6
PARMA,PARMA,159
PARMA,PARMA PR,4
PARRE,PARRE BG,1
PASIAN DI PRATO,PASIAN DI PRATO,1
PASIAN DI PRATO,PASIAN DI PRATO UD,1
PAVIA,PAVIA,150
PAVIA,PAVIA PV,5
PAVULLO NEL FRIGNANO,PAVULLO NEL FRIGNANO,3
PECCIOLI,PECCIOLI,6
PEDASO,PEDASO FM,2
PEDRENGO,PEDRENGO,2
PENTA DI FISCIANO,Penta di Fisciano,1
PERGINE VALSUGANA,PERGINE VALSUGANA,1
PERGINE VALSUGANA,PERGINE VALSUGANA TN,5
PERGINE VALSUGANA TRENTO,PERGINE VALSUGANA TRENTO,1
PERO,PERO,18
PERO,PERO MI,1
PERUGIA,Perugia,4
PERUGIA,PERUGIA,108
PESARO,Pesaro,1
PESARO,PESARO,8
PESCARA,Pescara,4
PESCARA,PESCARA,9
PESCHIERA BORROMEO,PESCHIERA BORROMEO,1
PESCHIERA BORROMEO,PESCHIERA BORROMEO MI,1
PESCHIERA DEL GARDA,PESCHIERA DEL GARDA,1
PEVERAGNO,PEVERAGNO,1
PIACENZA,PIACENZA,21
PIANEZZA,PIANEZZA,5
PIANORO,PIANORO,3
PIAZZA BREMBANA,PIAZZA BREMBANA,1
PIEDIMONTE MATESE,PIEDIMONTE MATESE,1
PIETRALUNGA,PIETRALUNGA,1
PIEVE DI CENTO,PIEVE DI CENTO,2
PIEVE EMANUELE,PIEVE EMANUELE,14
PINEROLO,PINEROLO,6
PINEROLO,Pinerolo (TO),1
PINEROLO,PINEROLO (TORINO),1
PIOLTELLO,PIOLTELLO,2
PIOMBINO DESE,PIOMBINO DESE PD,1
PIOSSASCO,PIOSSASCO TO,11
PIOVE DI SACCO,PIOVE DI SACCO PD,1
PISA,Pisa,7
PISA,PISA,470
PISA,PISA (PI),3
PISA,PISA PI,14
PISTOIA,PISTOIA,3
PIUBEGA,Piubega,2
PODENZANO,PODENZANO,3
PODOVA,PODOVA,1
POGGIBONSI,POGGIBONSI,1
POGGIO A CAIANO,POGGIO A CAIANO,1
POGGIO BERNI,POGGIO BERNI RN,1
POGGIO TORRIANA,POGGIO TORRIANA,7
POGGIOFIORITO,POGGIOFIORITO,4
POGLIANO,POGLIANO MI,1
POGLIANO MILANESE,POGLIANO MILANESE,2
POIANA MAGGIORE,POIANA MAGGIORE,1
POIRINO,POIRINO,3
POLIGNANO A MARE,POLIGNANO A MARE (BA),2
POLLONE,POLLONE,9
POMEZIA,POMEZIA,14
POMEZIA,Pomezia (RM),4
POMEZIA,POMEZIA RM,3
POMIGLIANO D ARCO,POMIGLIANO D' ARCO NA,3
POMIGLIANO D ARCO,POMIGLIANO D'ARCO,1
POMIGLIANO D ARCO,POMIGLIANO D'ARCO NA,3
PONT DELL OLIO,PONT DELL OLIO,1
PONT SAINT MARTIN,PONT-SAINT-MARTIN,1
PONT SAINT MARTIN,PONT SAINT MARTIN,2
PONTE,PONTE BN,1
PONTE DELL OLIO PIACENZA,PONTE DELL OLIO PIACENZA,5
PONTE LAMBRO,PONTE LAMBRO,2
PONTE NOSSA,Ponte nossa,1
PONTEDERA,Pontedera,1
PONTEDERA,PONTEDERA,18
PONTEDERA,PONTEDERA PI,3
PONTEVECCHIO DI MAGENTA,PONTEVECCHIO DI MAGENTA MI,1
PONTIROLO NUOVO,PONTIROLO NUOVO,1
PORCIA,PORCIA,7
PORDENONE,Pordenone,1
PORDENONE,PORDENONE,9
PORDENONE,PORDENONE PN,2
PORTE,PORTE,3
PORTICI,PORTICI NA,1
PORTO MANTOVANO,PORTO MANTOVANO,2
PORTO MANTOVANO,PORTO MANTOVANO MN,2
PORTO RECANATI,PORTO RECANATI,1
PORTO TORRES,PORTO TORRES,2
PORTOFERRAIO,PORTOFERRAIO,2
PORTOFINO,PORTOFINO,2
POTENZA,Potenza,5
POTENZA,POTENZA,13
POZZILLI,POZZILLI,2
POZZILLI,POZZILLI IS,4
POZZUOLI,POZZUOLI,3
POZZUOLI,POZZUOLI (NA),2
PRADAMANO,PRADAMANO UD,2
PRATO,PRATO,34
PRATOVECCHIO,PRATOVECCHIO,1
PREDAIA,PREDAIA,1
PREGANZIOL,PREGANZIOL (TV),1
PROCIDA,PROCIDA,1
PROVAGLIO D ISEO,PROVAGLIO D ISEO BS,1
PULA,PULA,4
PULA CAGLIARI,PULA CAGLIARI,15
PUTIGNANO,PUTIGNANO,1
QUARRATA,QUARRATA,1
QUART,QUART AO,1
QUATTRO CASTELLA,QUATTRO CASTELLA,1
QUINTO VICENTINO,Quinto Vicentino (VI),1
RADICONDOLI,Radicondoli,3
RAGUSA,RAGUSA RG,2
RAPALLO,RAPALLO,1
RAPOLANO TERME,RAPOLANO TERME SI,6
RAPONE,RAPONE,1
RAVENNA,RAVENNA,9
RECANATI,RECANATI,2
REGGIO CALABRIA,REGGIO CALABRIA,12
REGGIO DI CALABRIA,REGGIO DI CALABRIA,1
REGGIO EMILIA,Reggio Emilia,1
REGGIO EMILIA,REGGIO EMILIA,62
REGGIO EMILIA,REGGIO EMILIA (RE),1
REGGIO EMILIA,REGGIO EMILIA RE,6
RENAZZO,RENAZZO,1
RENAZZO CENTO,RENAZZO CENTO FE,2
RENDE,Rende,1
RENDE,RENDE,10
RENDE,RENDE CS,9
RHO,RHO,1
RHO,RHO MI,12
RIETI,RIETI,2
RIGNANO SULL ARNO,RIGNANO SULL ARNO,1
RIMINI,RIMINI,23
RIMINI,RIMINI RN,3
RIO NELL ELBA,RIO NELL'ELBA,1
RIVALTA DI TORINO,RIVALTA DI TORINO,15
RIVAROLA,RIVAROLA,1
RIVAROLO DEL RE ED UNITI,RIVAROLO DEL RE ED UNITI,1
RIVOLI,RIVOLI,3
RIVOLI,RIVOLI TO,4
ROCCA DI PAPA,ROCCA DI PAPA,1
ROCCABIANCA,ROCCABIANCA,1
ROMA,roma,1
ROMA,Roma,81
ROMA,ROMA,3498
ROMA,ROMA (RM),1
ROMA,ROMA RM,38
ROME,rome,2
ROME,Rome,21
ROME,ROME,82
ROME,ROME RM,1
RONCADE,RONCADE,2
RONCADELLE,Roncadelle,1
RONCADELLE,RONCADELLE BS,1
RONCELLO,RONCELLO,1
RONCHI DEI LEGIONARI,RONCHI DEI LEGIONARI GO,1
ROSETO DEGLI ABRUZZI,ROSETO DEGLI ABRUZZI TE,1
ROSIGNANO MARITTIMO,ROSIGNANO MARITTIMO (LI),1
ROSIGNANO MARITTIMO,ROSIGNANO MARITTIMO LI,1
ROTONDELLA,ROTONDELLA MT,1
ROVERBELLA,ROVERBELLA,2
ROVERETO,Rovereto,2
ROVERETO,ROVERETO,38
ROVERETO,ROVERETO TN,5
ROVIGO,ROVIGO RO,1
ROZZANO,ROZZANO,1
ROZZANO,ROZZANO (MI),20
RUBANO,RUBANO,9
RUBBIANO,RUBBIANO,1
RUBIERA,RUBIERA,4
RUTIGLIANO,RUTIGLIANO,1
RUVO DI PUGLIA,RUVO DI PUGLIA,1
RUVO DI PUGLIA,RUVO DI PUGLIA BA,1
SACCOLONGO,Saccolongo,2
SACILE,Sacile,1
SALA BOLOGNESE,SALA BOLOGNESE,1
SALERNO,SALERNO,9
SALGAREDA,SALGAREDA,2
SALUZZO,SALUZZO,2
SALUZZO,SALUZZO CN,3
SALZANO,SALZANO,1
SAMARATE,SAMARATE,1
SAN APOLLONIO LUMEZZANE,S. APOLLONIO LUMEZZANE,2
SAN BAGIO DI CALLALTA,SAN BAGIO DI CALLALTA,9
SAN BENEDETTO,SAN BENEDETTO PO,1
SAN CASCIANO IN VAL DI PESA,SAN CASCIANO IN VAL DI PESA,3
SAN COLOMBANO CERTENOLI,SAN COLOMBANO CERTENOLI,1
SAN DANIELE DEL FRIULI,SAN DANIELE DEL FRIULI,1
SAN DONA DI PIAVE,SAN DONA DI PIAVE,2
SAN DONATO,SAN DONATO MI,3
SAN DONATO MILANESE,S. Donato Milanese,1
SAN DONATO MILANESE,San Donato Milanese,2
SAN DONATO MILANESE,SAN DONATO MILANESE,8
SAN DORLIGO DELLA VALLE,SAN DORLIGO DELLA VALLE,1
SAN GIORGIO DI PIANO,SAN GIORGIO DI PIANO,4
SAN GIORGIO SU LEGNANO,SAN GIORGIO SU LEGNANO,1
SAN GIOVANNI IN CROCE,SAN GIOVANNI IN CROCE,1
SAN GIOVANNI ROTONDO,SAN GIOVANNI ROTONDO FG,6
SAN GIULIANO MILANESE,SAN GIULIANO MILANESE MI,1
SAN GIULIANO TERME,SAN GIULIANO TERME,2
SAN GIULIANO TERME,SAN GIULIANO TERME - PISA,1
SAN GIULIANO VECCHIO,SAN GIULIANO VECCHIO,1
SAN GIUSEPPE VESUVIANO,SAN GIUSEPPE VESUVIANO,3
SAN LAZZARO DI SAVENA,SAN LAZZARO DI SAVENA,3
SAN LAZZARO DI SAVENA,SAN LAZZARO DI SAVENA (BO),2
SAN LAZZARO DI SAVENA BOLOGNA,SAN LAZZARO DI SAVENA BOLOGNA,2
SAN MARCELLO PISTOIESE,San Marcello Pistoiese,1
SAN MARTINO BUON ALBERGO,SAN MARTINO BUON ALBERGO VR,3
SAN MARTINO DI LUPARI,SAN MARTINO DI LUPARI,1
SAN MAURIZIO D OPAGLIO,SAN MAURIZIO D OPAGLIO,2
SAN MAURO PASCOLI,SAN MAURO PASCOLI,2
SAN MAURO TORINESE,SAN MAURO TORINESE,7
SAN MICHELE ALL ADIGE,SAN MICHELE ALL'ADIGE,19
SAN MINIATO,SAN MINIATO,7
SAN NICOLA LA STRADA,SAN NICOLA LA STRADA,7
SAN PIETRO IN CARIANO,SAN PIETRO IN CARIANO,2
SAN PIETRO IN CASALE,SAN PIETRO IN CASALE,1
SAN PIETRO MOSEZZO,SAN PIETRO MOSEZZO,2
SAN POTITO SANNITICO,SAN POTITO SANNITICO,14
SAN ROMANO,SAN ROMANO,1
SAN SALVO,SAN SALVO,3
SAN SEVERINO MARCHE,SAN SEVERINO MARCHE (MC),1
SAN VENDEMIANO,SAN VENDEMIANO TV,1
SAN VITO DEI NORMANNI,SAN VITO DEI NORMANNI,1
SAN VITTORE DI CESENA,SAN VITTORE DI CESENA,2
SANREMO,SANREMO,1
SANT AGATA DEL BIANCO,SANT AGATA DEL BIANCO,1
SANT AGATA LI BATTIATI,SANT'AGATA LI BATTIATI (CT),1
SANT AGATA LI BATTIATI,SANT'AGATA LI BATTIATI CT,2
SANT AGNELLO,SANT'AGNELLO NA,1
SANT ANGELO IN VADO,SANT ANGELO IN VADO,1
SANT ANGELO IN VADO,SANT ANGELO IN VADO PS,1
SANT ARPINO,SANT'ARPINO,5
SANT ELPIDIO A MARE,SANT'ELPIDIO A MARE,2
SANT ILARIO D ENZA,SANT'ILARIO D'ENZA (RE),3
SANTA CROCE SULL ARNO,SANTA CROCE SULL'ARNO,2
SANTA CROCE SULL ARNO,SANTA CROCE SULL ARNO,1
SANTA MARGHERITA LIGURE,SANTA MARGHERITA LIGURE,1
SANTA MARGHERITA LIGURE,SANTA MARGHERITA LIGURE GE,1
SANTA MARIA DI SALA,SANTA MARIA DI SALA,1
SANTA MARIA DI ZEVIO,SANTA MARIA DI ZEVIO - VERONA,1
SANTA MARIA IMBARO,SANTA MARIA IMBARO,1
SANTA MARIA NUOVA,SANTA MARIA NUOVA - BERTINORO,1
SANTARCANGELO DI ROMAGNA,SANTARCANGELO DI ROMAGNA,23
SANTO STEFANO DI MAGRA,SANTO STEFANO DI MAGRA SP,1
SAPONARA,Saponara,1
SARNO,SARNO,1
SARNO,SARNO SA,1
SARONNO,SARONNO VA,7
SASSARI,SASSARI,36
SASSARI,SASSARI (SS),5
SASSO MARCONI,Sasso Marconi,2
SASSO MARCONI,SASSO MARCONI,3
SASSO MARCONI BOLOGNA,SASSO MARCONI BOLOGNA,1
SASSUOLO,SASSUOLO,1
SAVIGLIANO,Savigliano,1
SAVIGLIANO,SAVIGLIANO,4
SAVONA,Savona,12
SAVONA,SAVONA,7
SCAFATI,SCAFATI,1
SCALENGHE,SCALENGHE,2
SCANDIANO,SCANDIANO,12
SCANDIANO,SCANDIANO (RE),1
SCANDICCI,SCANDICCI,1
SCANDICCI,SCANDICCI FI,5
SCARPERIA E SAN PIERO,SCARPERIA E SAN PIERO,8
SCARPERIA E SAN PIETO,SCARPERIA E SAN PIETO (FI),2
SCAURI MINTURNO,SCAURI MINTURNO,1
SCHIO,SCHIO,2
SCHIO,SCHIO VI,1
SCURZOLENGO,SCURZOLENGO,2
SEDRIANO,SEDRIANO MI,1
SEGRATE,SEGRATE,2
SEGRATE,SEGRATE MI,6
SEGRATE MILANO,Segrate Milano,1
SELVAZZANO DENTRO,SELVAZZANO DENTRO,1
SELVAZZANO DENTRO,SELVAZZANO DENTRO (PD),1
SENAGO,SENAGO,1
SENAGO,SENAGO MI,1
SENIGALLIA,SENIGALLIA,5
SENIGALLIA,SENIGALLIA (AN),2
SEREGNO,SEREGNO,1
SERGATE,SERGATE MI,2
SERIATE,SERIATE,3
SERLE,SERLE,1
SERMONETA,SERMONETA,1
SERRAMANNA,SERRAMANNA,1
SESTO CALENDE,SESTO CALENDE (VA),1
SESTO FIORENTINO,Sesto-Fiorentino (FI),11
SESTO FIORENTINO,Sesto fiorentino,1
SESTO FIORENTINO,SESTO FIORENTINO,17
SESTO FIORENTINO,SESTO FIORENTINO (FI),1
SESTO FIORENTINO,SESTO FIORENTINO FI,7
SESTO SAN GIOVANNI,SESTO S. GIOVANNI,1
SESTO SAN GIOVANNI,SESTO SAN GIOVANNI,1
SESTO SAN GIOVANNI MILANO,SESTO SAN GIOVANNI MILANO,1
SETTALA,SETTALA,1
SETTIMO MILANESE,SETTIMO MILANESE,7
SETTIMO TORINESE,SETTIMO TORINESE TO,1
SEVESO,SEVESO,2
SEZZE,SEZZE,1
SGONICO TRIESTE,SGONICO-TRIESTE,28
SICIGNANO DEGLI ALBURNI,SICIGNANO DEGLI ALBURNI,3
SIENA,Siena,2
SIENA,SIENA,99
SIENA,SIENA SI,2
SINALUNGA,SINALUNGA,1
SIRACUSA,Siracusa,2
SIRACUSA,SIRACUSA,1
SIRONE,SIRONE,1
SIRONE,SIRONE (LC),2
SOAVE,SOAVE,2
SOLARO,SOLARO,1
SOLBIATE OLONA,SOLBIATE OLONA,1
SOMMA LOMBARDO,SOMMA LOMBARDO,2
SOMMA LOMBARDO,SOMMA LOMBARDO VA,1
SOMMARIVA DEL BOSCO,SOMMARIVA DEL BOSCO CN,11
SONDRIO,SONDRIO,1
SORRENTO,SORRENTO,1
SOVIGLIANA,SOVIGLIANA,6
SPIANATE,"Spianate - Altopascio, Lucca",1
SPILAMBERTO,SPILAMBERTO,1
SPINAZZOLA,SPINAZZOLA,1
SPINO D ADDA,SPINO D'ADDA CR,1
SPOLETO,SPOLETO,1
ST ULRICH,ST.ULRICH,1
STEZZANO,STEZZANO,3
STEZZANO,Stezzano (BG),10
STORNERELLA,STORNERELLA,1
STORO,STORO TN,1
STRADARIO,STRADARIO,8
STRONCONE,STRONCONE (TERNI),1
SUELLO,SUELLO LC,1
SUSA,SUSA,1
SUSEGANA,SUSEGANA TV,1
TAGGIA,TAGGIA IM,2
TAVAGNACCO,TAVAGNACCO,2
TERAMO,Teramo,2
TERAMO,TERAMO,14
TERLANO,Terlano,1
TERMINI IMERESE,TERMINI IMERESE PA,1
TERNI,TERNI,21
TERNO D ISOLA,TERNO D ISOLA BG,1
TEVEROLA,TEVEROLA,1
TIGGIANO,TIGGIANO (LE),1
TIONE DI TRENTO,TIONE DI TRENTO,2
TIRANO,TIRANO,1
TIRANO,Tirano (So),1
TIRIOLO,TIRIOLO,1
TITO SCALO,TITO SCALO,1
TODI,TODI,1
TORBOLE CASAGLIA,TORBOLE CASAGLIA,1
TORCEGNO,TORCEGNO TN,1
TORGIANO,TORGIANO,3
TORINESE,TORINESE TO,1
TORINO,Torino,18
TORINO,TORINO,913
TORINO,TORINO (TURIN),3
TORINO,TORINO TO,25
TORRE PELLICE,TORRE PELLICE,1
TORREVECCHIA TEATINA CHIETE,TORREVECCHIA TEATINA CHIETE,1
TORTOLI,TORTOLI,1
TORTONA,TORTONA,12
TORTONA,TORTONA AL,5
TRANI,TRANI (BT),1
TRAPANI,TRAPANI,1
TRAPPETO,TRAPPETO,6
TRAVACO SICCOMARIO,TRAVACO' SICCOMARIO (PV),1
TRAVAGLIATO,TRAVAGLIATO BR,1
TRECATE,TRECATE NO,1
TRENTO,TRENTO,334
TRENTO,TRENTO TN,5
TREVENZUOLO,TREVENZUOLO VR,1
TREVIGLIO,TREVIGLIO BG,1
TREVISO,TREVISO,17
TREVISO,TREVISO TV,1
TREZZANO ROSA,TREZZANO ROSA (MI),1
TREZZANO SUL NAVIGLIO,TREZZANO SUL NAVIGLIO,2
TREZZO SULL ADDA,TREZZO SULL'ADDA,2
TRIBANO,TRIBANO,3
TRIBIANO,TRIBIANO,2
TRIESTE,Trieste,14
TRIESTE,TRIESTE,198
TRIESTE,TRIESTE TS,2
TRISSINO,TRISSINO,1
TRIVIGNANO UDINESE,TRIVIGNANO UDINESE,1
TROIA,TROIA,1
TROINA,Troina,1
TURATE,TURATE,1
TURIN,TURIN,7
UBOLDO,UBOLDO,1
UDINE,Udine,3
UDINE,UDINE,79
UGENTO RACALE,UGENTO RACALE,1
UMBERTIDE PERUGIA,UMBERTIDE PERUGIA,2
URBINO,URBINO,4
VADENA,VADENA,4
VADO LIGURE,VADO LIGURE,2
VAL DI PESA,VAL DI PESA FI,1
VALDAGNO,VALDAGNO,2
VALDUGGIA,VALDUGGIA,2
VALENZANO,VALENZANO,28
VALENZANO,VALENZANO (BA),2
VALENZANO BARI,VALENZANO BARI,4
VALSAMOGGIA,Valsamoggia,1
VALSAMOGGIA,VALSAMOGGIA,3
VALSAMOGGIA,VALSAMOGGIA BO,2
VARALLO POMBIA,VARALLO POMBIA,1
VARANO DE MELEGARI,VARANO DE' MELEGARI,3
VARANO DE MELEGARI,VARANO DE MELEGARI,11
VARAZZE,VARAZZE SV,1
VAREDO,VAREDO,3
VARESE,Varese,1
VARESE,VARESE,17
VARESE,VARESE VA,1
VARMO,VARMO,1
VARNA,VARNA,1
VEDANO OLONA,VEDANO OLONA,1
VEDUGGIO CON COLZANO,VEDUGGIO CON COLZANO,1
VELLETRI,VELLETRI RM,1
VENARIA,VENARIA,3
VENARIA REALE,VENARIA REALE,1
VENARIA REALE TORINO,VENARIA REALE TORINO,1
VENEGONO SUPERIORE,VENEGONO SUPERIORE VA,2
VENEZIA,Venezia,2
VENEZIA,VENEZIA,251
VENEZIA,"VENEZIA, MAGHERA",1
VENEZIA MESTRE,VENEZIA MESTRE,8
VENTIMIGLIA,VENTIMIGLIA,1
VERCELLI,VERCELLI,21
VERGIATE,VERGIATE VA,1
VERONA,Verona,1
VERONA,VERONA,91
VERONA,VERONA VR,2
VERUCCHIO,VERUCCHIO RN,2
VEZZANO SUL CROSTOLO,VEZZANO SUL CROSTOLO,1
VIADANICA,VIADANICA,2
VIANO,Viano,1
VIAREGGIO,VIAREGGIO,17
VICENZA,Vicenza,1
VICENZA,VICENZA,19
VICOFORTE,VICOFORTE,1
VICOPISANO,VICOPISANO,2
VIGARANO,VIGARANO,1
VIGEVANO,VIGEVANO,1
VIGEVANO,VIGEVANO PV,2
VIGLIANO BIELLESE,VIGLIANO BIELLESE,5
VIGNOLA,VIGNOLA,12
VIGOLZONE,VIGOLZONE (PC),1
VIGOLZONE,VIGOLZONE PC,1
VIGONZA,VIGONZA,1
VILLA VERUCCHIO,VILLA VERUCCHIO,1
VILLAFRANCA DI VERONA,VILLAFRANCA DI VERONA,1
VILLANOVA DEL SILLARO,VILLANOVA DEL SILLARO,2
VILLARBASSE,VILLARBASSE,2
VILLAREGGIA,Villareggia,1
VILLARICCA,VILLARICCA,2
VILLAVERLA,VILLAVERLA,1
VILLORBA,VILLORBA TV,2
VIMERCATE,Vimercate,1
VIMERCATE,VIMERCATE,4
VIMERCATE,VIMERCATE MB,1
VIMODROME,VIMODROME,1
VIMODRONE,VIMODRONE,2
VIMODRONE,VIMODRONE MI,5
VIPITENO,VIPITENO,1
VIRLE PIEMONTE,VIRLE PIEMONTE,1
VITERBO,VITERBO,28
VITTORIO VENETO,VITTORIO VENETO,1
VITTORIO VENETO,VITTORIO VENETO TV,3
VITTORIO VENETO TREVISO,VITTORIO VENETO TREVISO,1
VOGHERA,VOGHERA,1
VOGHERA,VOGHERA PV,1
VOLLA,VOLLA,1
VOLPIANO,VOLPIANO,2
VOLTERRA,VOLTERRA PI,1
ZANICA,ZANICA,1
ZANICA,ZANICA BG,1
ZEVIO,ZEVIO (VR),1
ZOLA PREDOSA,ZOLA PREDOSA,10
ZOLA PREDOSA,Zola Predosa (BO),1
ZOLA PREDOSA,ZOLA PREDOSA BO,1
ZUMPANO,ZUMPANO,1
NA,NA,51
